Product_Name,Pricing,Rating
Apple iPhone 7 (Gold| 32 GB),Rs.26999,4.562
Apple iPhone 7 (Silver| 32 GB),Rs.26999,4.562
Apple iPhone 8 (Space Grey| 64 GB),Rs.35999,4.63
Apple iPhone 8 (Silver| 64 GB),Rs.35999,4.63
Apple iPhone 6s (Space Grey| 32 GB),Rs.22999,4.588
Apple iPhone 11 Pro (Space Grey| 256 GB),Rs.113900No Cost ,4.7233
Apple iPhone 6s (Gold| 32 GB),Rs.22999,4.588
Apple iPhone X (Space Gray| 64 GB),Rs.59999,4.69
Apple iPhone 6s (Rose Gold| 32 GB),Rs.22999,4.588
Apple iPhone 11 (Purple| 256 GB),Rs.79900No Cost ,4.8656
Apple iPhone 11 Pro (Gold| 256 GB),Rs.113900No Cost ,4.7233
Apple iPhone XR (Black| 64 GB),Rs.50900,4.65
Apple iPhone 11 (Red| 256 GB),Rs.79900No Cost ,4.8656
Apple iPhone XR ((PRODUCT)RED| 64 GB),Rs.50900,4.65
Apple iPhone 11 Pro (Silver| 256 GB),Rs.113900No Cost ,4.7233
Apple iPhone XR (White| 64 GB),Rs.50900,4.65
Apple iPhone 6s (Silver| 32 GB),Rs.26949,4.588
Apple iPhone XR (Black| 128 GB),Rs.56900,4.65
Apple iPhone XR (White| 128 GB),Rs.56799,4.65
Apple iPhone 11 Pro Max (Silver| 512 GB),Rs.141900No Cost ,4.8167
Apple iPhone 11 Pro (Space Grey| 512 GB),Rs.131900No Cost ,4.7233
Apple iPhone 11 (Yellow| 256 GB),Rs.79900No Cost ,4.8656
Apple iPhone 7 (Black| 32 GB),Rs.26999,4.562
Apple iPhone 11 (Black| 64 GB),Rs.64900No Cost ,4.8656
Apple iPhone 7 (Gold| 32 GB),Rs.26999,4.562
Apple iPhone 7 (Silver| 32 GB),Rs.26999,4.562
Apple iPhone 8 (Space Grey| 64 GB),Rs.35999,4.63
Apple iPhone 8 (Silver| 64 GB),Rs.35999,4.63
Apple iPhone 6s (Space Grey| 32 GB),Rs.22999,4.588
Apple iPhone 11 Pro (Space Grey| 256 GB),Rs.113900No Cost ,4.7233
Apple iPhone 6s (Gold| 32 GB),Rs.22999,4.588
Apple iPhone X (Space Gray| 64 GB),Rs.59999,4.69
Apple iPhone 6s (Rose Gold| 32 GB),Rs.22999,4.588
Apple iPhone 11 (Purple| 256 GB),Rs.79900No Cost ,4.8656
Apple iPhone 11 Pro (Gold| 256 GB),Rs.113900No Cost ,4.7233
Apple iPhone XR (Black| 64 GB),Rs.50900,4.65
Apple iPhone 11 (Red| 256 GB),Rs.79900No Cost ,4.8656
Apple iPhone XR ((PRODUCT)RED| 64 GB),Rs.50900,4.65
Apple iPhone 11 Pro (Silver| 256 GB),Rs.113900No Cost ,4.7233
Apple iPhone XR (White| 64 GB),Rs.50900,4.65
Apple iPhone 6s (Silver| 32 GB),Rs.26949,4.588
Apple iPhone XR (Black| 128 GB),Rs.56900,4.65
Apple iPhone XR (White| 128 GB),Rs.56799,4.65
Apple iPhone 11 Pro Max (Silver| 512 GB),Rs.141900No Cost ,4.8167
Apple iPhone 11 Pro (Space Grey| 512 GB),Rs.131900No Cost ,4.7233
Apple iPhone 11 (Yellow| 256 GB),Rs.79900No Cost ,4.8656
Apple iPhone 7 (Black| 32 GB),Rs.26999,4.562
Apple iPhone 11 (Black| 64 GB),Rs.64900No Cost ,4.8656
